{
  "project_info": {
    "project_number": "96637103195",
    "project_id": "careerguidanceapp-1",
    "storage_bucket": "careerguidanceapp-1.appspot.com"
  },
  "client": [
    {
      "client_info": {
        "mobilesdk_app_id": "1:96637103195:android:56c7b6c8a618d6bed2637e",
        "android_client_info": {
          "package_name": "com.example.careerguidanceapp_1"
        }
      },
      "oauth_client": [],
      "api_key": [
        {
          "current_key": "AIzaSyANuFeIiMeILxQd9sCeiorWjwYlqIhxIds"
        }
      ],
      "services": {
        "appinvite_service": {
          "other_platform_oauth_client": []
        }
      }
    }
  ],
  "configuration_version": "1"
}